{
  "ALL": {
    "precision": 0.23333333333333334,
    "recall": 0.0875,
    "f1-score": 0.12727272727272726,
    "support": 80.0
  },
  "AML": {
    "precision": 0.34210526315789475,
    "recall": 0.1780821917808219,
    "f1-score": 0.23423423423423423,
    "support": 73.0
  },
  "CLL": {
    "precision": 0.5159574468085106,
    "recall": 0.8471615720524017,
    "f1-score": 0.6413223140495867,
    "support": 229.0
  },
  "CML": {
    "precision": 0.13333333333333333,
    "recall": 0.025974025974025976,
    "f1-score": 0.043478260869565216,
    "support": 77.0
  },
  "accuracy": 0.47058823529411764,
  "macro avg": {
    "precision": 0.306182344158268,
    "recall": 0.2846794474518124,
    "f1-score": 0.26157688410652835,
    "support": 459.0
  },
  "weighted avg": {
    "precision": 0.37486116092158733,
    "recall": 0.47058823529411764,
    "f1-score": 0.3866918372227215,
    "support": 459.0
  }
}